{
    "stone_setup": {
        "poses": [
            [
                2.0,
                0.0,
                0.09983341664682815,
                0.0,
                -0.1,
                0.0
            ],
            [
                3.9950041652780257,
                0.0,
                0.1996668332936563,
                0.0,
                0.0,
                0.0
            ]
        ],
        "scales": [
            [
                2.0,
                3.0,
                0.1
            ],
            [
                2.0,
                3.0,
                0.1
            ]
        ],
        "colors": [
            [
                1.0,
                1.0,
                1.0
            ],
            [
                1.0,
                1.0,
                1.0
            ]
        ]
    }
}