{
    "stone_setup": {
        "poses": [
            [
                0.175,
                0.0,
                -0.05,
                0.0,
                0.0,
                0.0
            ],
            [
                3.0,
                0.0,
                -0.7024483011668454,
                0.0,
                0.45,
                0.0
            ],
            [
                5.850670653529015,
                0.0,
                -1.3548966023336908,
                0.0,
                0.0,
                0.0
            ]
        ],
        "scales": [
            [
                3.0,
                3.0,
                0.1
            ],
            [
                3.0,
                3.0,
                0.1
            ],
            [
                3.0,
                3.0,
                0.1
            ]
        ],
        "colors": [
            [
                1.0,
                1.0,
                1.0
            ],
            [
                1.0,
                1.0,
                1.0
            ],
            [
                1.0,
                1.0,
                1.0
            ]
        ]
    }
}