{
    "stone_setup": {
        "poses": [
            [
                0.175,
                0.0,
                -0.05,
                0.0,
                0.0,
                0.0
            ],
            [
                3.0,
                0.0,
                -0.3111622063903939,
                0.0,
                0.175,
                0.0
            ],
            [
                5.9770898083574,
                0.0,
                -0.5723244127807878,
                0.0,
                0.0,
                0.0
            ]
        ],
        "scales": [
            [
                3.0,
                3.0,
                0.1
            ],
            [
                3.0,
                3.0,
                0.1
            ],
            [
                3.0,
                3.0,
                0.1
            ]
        ],
        "colors": [
            [
                1.0,
                1.0,
                1.0
            ],
            [
                1.0,
                1.0,
                1.0
            ],
            [
                1.0,
                1.0,
                1.0
            ]
        ]
    }
}