{
    "stone_setup": {
        "poses": [
            [
                0.0,
                0.0,
                0.025,
                0.0,
                0.0,
                0.0
            ],
            [
                0.2,
                0.0,
                0.07500000000000001,
                0.0,
                0.0,
                0.0
            ],
            [
                0.4,
                0.0,
                0.125,
                0.0,
                0.0,
                0.0
            ],
            [
                0.6000000000000001,
                0.0,
                0.175,
                0.0,
                0.0,
                0.0
            ],
            [
                0.8,
                0.0,
                0.22499999999999998,
                0.0,
                0.0,
                0.0
            ],
            [
                1.0,
                0.0,
                0.27499999999999997,
                0.0,
                0.0,
                0.0
            ],
            [
                1.2,
                0.0,
                0.32499999999999996,
                0.0,
                0.0,
                0.0
            ],
            [
                1.4,
                0.0,
                0.37499999999999994,
                0.0,
                0.0,
                0.0
            ],
            [
                1.5999999999999999,
                0.0,
                0.42499999999999993,
                0.0,
                0.0,
                0.0
            ],
            [
                1.7999999999999998,
                0.0,
                0.4749999999999999,
                0.0,
                0.0,
                0.0
            ],
            [
                3.4000000000000004,
                0.0,
                0.5,
                0.0,
                0.0,
                0.0
            ]
        ],
        "scales": [
            [
                0.2,
                3.0,
                0.05
            ],
            [
                0.2,
                3.0,
                0.05
            ],
            [
                0.2,
                3.0,
                0.05
            ],
            [
                0.2,
                3.0,
                0.05
            ],
            [
                0.2,
                3.0,
                0.05
            ],
            [
                0.2,
                3.0,
                0.05
            ],
            [
                0.2,
                3.0,
                0.05
            ],
            [
                0.2,
                3.0,
                0.05
            ],
            [
                0.2,
                3.0,
                0.05
            ],
            [
                0.2,
                3.0,
                0.05
            ],
            [
                3.0,
                3.0,
                0.05
            ]
        ],
        "colors": [
            [
                1.0,
                1.0,
                1.0
            ],
            [
                1.0,
                1.0,
                1.0
            ],
            [
                1.0,
                1.0,
                1.0
            ],
            [
                1.0,
                1.0,
                1.0
            ],
            [
                1.0,
                1.0,
                1.0
            ],
            [
                1.0,
                1.0,
                1.0
            ],
            [
                1.0,
                1.0,
                1.0
            ],
            [
                1.0,
                1.0,
                1.0
            ],
            [
                1.0,
                1.0,
                1.0
            ],
            [
                1.0,
                1.0,
                1.0
            ],
            [
                1.0,
                1.0,
                1.0
            ]
        ]
    }
}